first_name,last_name,email
Bond,Huddle,bhuddle0@hostgator.com
Pet,Loomes,ploomes1@theatlantic.com
Gerhard,Plail,gplail2@loc.gov
Brig,Valentelli,bvalentelli3@dot.gov
Dominik,Stroyan,dstroyan4@tinypic.com
Salli,Fomichkin,sfomichkin5@uiuc.edu
Merilyn,Enos,menos6@gizmodo.com
Albie,de Mendoza,ademendoza7@joomla.org
Barny,Reynoldson,breynoldson8@linkedin.com
Denys,Slyde,dslyde9@bloglines.com
Abe,Kinloch,akinlocha@cloudflare.com
Ophelie,Trower,otrowerb@google.com.hk
Lilllie,Bothams,lbothamsc@photobucket.com
Desdemona,Reffe,dreffed@jigsy.com
Barbey,Prier,bpriere@va.gov
Lou,MacCardle,lmaccardlef@house.gov
Jamesy,Croft,jcroftg@unesco.org
Russell,Willcox,rwillcoxh@angelfire.com
Inez,Schroeder,ischroederi@creativecommons.org
Waylan,Fullalove,wfullalovej@java.com
Allard,Duchan,aduchank@yahoo.com
Web,Tregonna,wtregonnal@wired.com
Cort,Quincey,cquinceym@histats.com
Birk,Godleman,bgodlemann@ox.ac.uk
Janice,Hardwich,jhardwicho@japanpost.jp
Rawley,Seville,rsevillep@naver.com
Ramona,Scade,rscadeq@unblog.fr
Zaneta,Leamon,zleamonr@nationalgeographic.com
Gleda,Runcie,gruncies@pen.io
Cathy,Greening,cgreeningt@cocolog-nifty.com
Jeniece,Trighton,jtrightonu@apple.com
Wynny,McBeth,wmcbethv@omniture.com
Elianora,Hanford,ehanfordw@ning.com
Gearard,Skeldon,gskeldonx@nyu.edu
Astra,Maddison,amaddisony@ask.com
Alford,Shepcutt,ashepcuttz@gov.uk
Noel,Harnett,nharnett10@jigsy.com
Carr,Pighills,cpighills11@flavors.me
Tobe,Scurrell,tscurrell12@mayoclinic.com
Anders,Cowoppe,acowoppe13@va.gov
Rhona,Kevern,rkevern14@fotki.com
Egan,Bartlam,ebartlam15@economist.com
Alene,Chupin,achupin16@sina.com.cn
Dierdre,Garrique,dgarrique17@xing.com
Dolores,Bradburne,dbradburne18@nih.gov
Annalee,Slyme,aslyme19@blogtalkradio.com
Althea,Greystoke,agreystoke1a@reference.com
Smith,Bruckental,sbruckental1b@si.edu
Del,Gatling,dgatling1c@1688.com
Wilmer,Kleint,wkleint1d@berkeley.edu
Cyrus,Cosstick,ccosstick1e@yolasite.com
Carol,Habbema,chabbema1f@dion.ne.jp
Feliks,Jakubowsky,fjakubowsky1g@auda.org.au
Octavius,Pietz,opietz1h@dailymotion.com
Pryce,Saunper,psaunper1i@wiley.com
Eloise,Roxburch,eroxburch1j@wikispaces.com
Phillida,Stoker,pstoker1k@163.com
Jobina,Rossetti,jrossetti1l@eepurl.com
Jo,Donke,jdonke1m@51.la
Lyell,Imeson,limeson1n@adobe.com
Regen,Presdee,rpresdee1o@mlb.com
Rockie,Wadlow,rwadlow1p@behance.net
Cull,Anstead,canstead1q@unc.edu
Val,Whaley,vwhaley1r@china.com.cn
Vitia,Dallmann,vdallmann1s@phpbb.com
Archie,Begin,abegin1t@indiatimes.com
Alvie,Windmill,awindmill1u@nih.gov
Pet,Jancey,pjancey1v@mediafire.com
Jess,Kennerknecht,jkennerknecht1w@gov.uk
Deni,McChruiter,dmcchruiter1x@stanford.edu
Griselda,Liff,gliff1y@storify.com
Lorenzo,Ducker,lducker1z@wikia.com
Delia,Ellen,dellen20@qq.com
Dorotea,Prattington,dprattington21@nps.gov
Calvin,Featherstone,cfeatherstone22@state.tx.us
Rik,Bier,rbier23@zdnet.com
Jakie,Moodie,jmoodie24@facebook.com
Ross,Broseke,rbroseke25@state.tx.us
Chrisy,Rawls,crawls26@opensource.org
Bonita,Payn,bpayn27@cnn.com
Dianna,Popworth,dpopworth28@friendfeed.com
Edlin,Mollen,emollen29@example.com
Genevieve,Sebright,gsebright2a@mapquest.com
Yurik,A'Barrow,yabarrow2b@godaddy.com
Petronilla,Lawrinson,plawrinson2c@ezinearticles.com
Cash,Blanden,cblanden2d@cnn.com
Reilly,Guard,rguard2e@tamu.edu
Kristin,Breckin,kbreckin2f@tuttocitta.it
Ibbie,Breitling,ibreitling2g@microsoft.com
Biddy,Madgett,bmadgett2h@amazonaws.com
Iosep,Brankley,ibrankley2i@slashdot.org
Louis,Eymor,leymor2j@google.de
Celka,Celiz,cceliz2k@answers.com
Cathrine,Loach,cloach2l@miitbeian.gov.cn
Renee,Iltchev,riltchev2m@skyrock.com
Collete,Bonham,cbonham2n@bizjournals.com
Celine,Drewet,cdrewet2o@usgs.gov
Darnall,Grunguer,dgrunguer2p@nymag.com
Shela,Starton,sstarton2q@sun.com
Laurie,Jewel,ljewel2r@ftc.gov
Gilberta,Castagnet,gcastagnet2s@dropbox.com
Goraud,Loy,gloy2t@google.fr
Clifford,Goodyear,cgoodyear2u@alexa.com
Pascale,McConnulty,pmcconnulty2v@vimeo.com
Francis,Atwel,fatwel2w@cornell.edu
Euell,Gocher,egocher2x@blogtalkradio.com
Vicki,Pymm,vpymm2y@360.cn
Evaleen,Edlin,eedlin2z@unesco.org
Elsie,Issitt,eissitt30@istockphoto.com
Daniele,Antonognoli,dantonognoli31@yahoo.com
Silvester,Ivanov,sivanov32@xrea.com
Dorella,Cutress,dcutress33@msn.com
Garnet,Danforth,gdanforth34@irs.gov
Robb,Bottell,rbottell35@w3.org
Joela,Syres,jsyres36@studiopress.com
Sande,Cammomile,scammomile37@last.fm
Nikita,McLarnon,nmclarnon38@yolasite.com
Joana,Gerholz,jgerholz39@google.fr
Andrea,Beldum,abeldum3a@japanpost.jp
Cchaddie,Wedge,cwedge3b@omniture.com
Amalita,Cowans,acowans3c@google.ru
Christal,Higounet,chigounet3d@timesonline.co.uk
Ab,Furman,afurman3e@dailymail.co.uk
Win,Marcussen,wmarcussen3f@bigcartel.com
Donica,Haw,dhaw3g@foxnews.com
Orv,O'Cannan,oocannan3h@360.cn
Ag,Buswell,abuswell3i@phoca.cz
Shell,Agglione,sagglione3j@studiopress.com
Gerhardine,MacCheyne,gmaccheyne3k@youtu.be
Benton,Lumsdall,blumsdall3l@twitpic.com
Theo,Kitter,tkitter3m@redcross.org
Biddy,Wapplington,bwapplington3n@buzzfeed.com
Augusto,Lynnett,alynnett3o@livejournal.com
Clarabelle,Andrysiak,candrysiak3p@xinhuanet.com
Wilmer,Snodden,wsnodden3q@ebay.co.uk
Pippa,Hackford,phackford3r@senate.gov
Gerry,Dienes,gdienes3s@google.nl
Krisha,Catmull,kcatmull3t@ted.com
Ulrika,Pledger,upledger3u@cbslocal.com
Janet,Nequest,jnequest3v@discuz.net
Angie,Puller,apuller3w@mtv.com
Briant,Dunbar,bdunbar3x@biglobe.ne.jp
Cirilo,Beringer,cberinger3y@miitbeian.gov.cn
Sander,Carles,scarles3z@fc2.com
Ric,Realph,rrealph40@illinois.edu
Osmund,Heyworth,oheyworth41@ca.gov
Nedi,Lilywhite,nlilywhite42@tripod.com
Zechariah,Petrecz,zpetrecz43@ucoz.ru
Sigismondo,Sertin,ssertin44@meetup.com
Wait,Morot,wmorot45@census.gov
Domingo,Balmer,dbalmer46@latimes.com
Elene,Glanert,eglanert47@furl.net
Ambrose,Gilmartin,agilmartin48@earthlink.net
Tucky,Newey,tnewey49@npr.org
Jessy,Nesterov,jnesterov4a@hhs.gov
Mayer,Timblett,mtimblett4b@virginia.edu
Nicki,Spearett,nspearett4c@dmoz.org
Cynthy,Leahey,cleahey4d@mashable.com
Harry,Gareisr,hgareisr4e@fema.gov
Rubetta,Bettridge,rbettridge4f@skype.com
Amargo,Propper,apropper4g@livejournal.com
Rodrigo,Checketts,rchecketts4h@stumbleupon.com
Brynn,Domonkos,bdomonkos4i@accuweather.com
Ashil,Dubois,adubois4j@zdnet.com
Glenn,Handford,ghandford4k@tinyurl.com
Marcela,Bendley,mbendley4l@feedburner.com
Osmond,Lower,olower4m@usda.gov
Georgy,Poppleton,gpoppleton4n@jalbum.net
Gavra,Pinnigar,gpinnigar4o@cloudflare.com
Rabi,Bick,rbick4p@va.gov
Cort,Helliwell,chelliwell4q@wordpress.com
John,O Sullivan,josullivan4r@epa.gov
Brendis,Dunkley,bdunkley4s@amazon.com
Bobbie,Gething,bgething4t@yale.edu
Theodora,McInnerny,tmcinnerny4u@angelfire.com
Humberto,Penburton,hpenburton4v@dion.ne.jp
Salem,Clampett,sclampett4w@about.com
Pavia,Verrill,pverrill4x@moonfruit.com
Inigo,Kanwell,ikanwell4y@oakley.com
Essy,Harnett,eharnett4z@un.org
Tisha,Spaunton,tspaunton50@qq.com
Malynda,Pepall,mpepall51@github.com
Scarlett,Newart,snewart52@t-online.de
Robinette,Bass,rbass53@squidoo.com
Simone,Tilzey,stilzey54@bravesites.com
Erik,Sweeten,esweeten55@npr.org
Clayborn,Davids,cdavids56@tumblr.com
Denver,Swalowe,dswalowe57@g.co
Toddie,Canceller,tcanceller58@feedburner.com
Pietra,Pierro,ppierro59@homestead.com
Pattie,Byass,pbyass5a@sina.com.cn
Letta,Klawi,lklawi5b@delicious.com
Ailyn,Lorman,alorman5c@smugmug.com
Cory,Saph,csaph5d@vinaora.com
Malchy,Caldron,mcaldron5e@parallels.com
Joey,Tansly,jtansly5f@alibaba.com
Alidia,Marshland,amarshland5g@wix.com
Albert,Stanyer,astanyer5h@stanford.edu
Shae,Springtorpe,sspringtorpe5i@photobucket.com
Carlene,Hasely,chasely5j@goo.ne.jp
Gabi,Corse,gcorse5k@phpbb.com
Estell,Benge,ebenge5l@123-reg.co.uk
Jobyna,Philcott,jphilcott5m@biglobe.ne.jp
Gun,Cultcheth,gcultcheth5n@google.pl
Pearl,Heinecke,pheinecke5o@comcast.net
Beatrice,Killich,bkillich5p@free.fr
Tammie,Norquay,tnorquay5q@histats.com
Hyatt,Feldon,hfeldon5r@typepad.com
Kizzee,Maccree,kmaccree5s@examiner.com
Bradney,Ianniello,bianniello5t@wisc.edu
Quintin,Jeannon,qjeannon5u@list-manage.com
Herby,Risborough,hrisborough5v@arizona.edu
Dur,Bushnell,dbushnell5w@telegraph.co.uk
Adi,Dumingos,adumingos5x@mayoclinic.com
Emlen,Phare,ephare5y@dion.ne.jp
Tedi,Wheelband,twheelband5z@nps.gov
Denis,Meadmore,dmeadmore60@comsenz.com
Bryn,Thornley,bthornley61@dailymotion.com
Aleen,O'Daly,aodaly62@printfriendly.com
Brock,D'Antonio,bdantonio63@usnews.com
Annadiane,Gluyas,agluyas64@theguardian.com
Kenny,Wilcinskis,kwilcinskis65@apache.org
Jephthah,Gales,jgales66@cnbc.com
Jenny,Goforth,jgoforth67@infoseek.co.jp
Laurice,De Giorgi,ldegiorgi68@samsung.com
Elisa,Menaul,emenaul69@blogspot.com
Shaughn,Heustace,sheustace6a@nhs.uk
Sybyl,Bernollet,sbernollet6b@ehow.com
Chance,Reach,creach6c@google.co.uk
Dottie,Climar,dclimar6d@irs.gov
Bowie,Nias,bnias6e@ft.com
Clarisse,Orcott,corcott6f@pcworld.com
Seana,Bohin,sbohin6g@ft.com
Harriette,Wurz,hwurz6h@ustream.tv
Elyn,Whiles,ewhiles6i@cloudflare.com
Wallis,Cawthera,wcawthera6j@a8.net
Zahara,Falkus,zfalkus6k@g.co
Arluene,Maydway,amaydway6l@desdev.cn
Lorene,Gavriel,lgavriel6m@addtoany.com
Bettina,Farlowe,bfarlowe6n@stumbleupon.com
Doralia,Ratt,dratt6o@cbc.ca
Prissie,Fairbrother,pfairbrother6p@google.com.au
Tobias,Lait,tlait6q@free.fr
Brigida,Ellwood,bellwood6r@icio.us
Marya,Malatalant,mmalatalant6s@newsvine.com
Sonni,Beacom,sbeacom6t@ehow.com
Ange,Matthesius,amatthesius6u@lycos.com
Belle,Noore,bnoore6v@google.de
Sayer,Tomaszkiewicz,stomaszkiewicz6w@hubpages.com
Mauricio,Ribeiro,mribeiro6x@mayoclinic.com
Wheeler,Rassmann,wrassmann6y@delicious.com
Gert,Beaton,gbeaton6z@webmd.com
Midge,Jaquin,mjaquin70@acquirethisname.com
Megen,Olekhov,molekhov71@godaddy.com
Tessie,Maffioni,tmaffioni72@nasa.gov
Goldy,MacNucator,gmacnucator73@bluehost.com
Hughie,Matushevich,hmatushevich74@guardian.co.uk
Duky,Joice,djoice75@dailymotion.com
Mandel,Redd,mredd76@dedecms.com
Adoree,Manifould,amanifould77@csmonitor.com
Robbyn,Halfhead,rhalfhead78@upenn.edu
Domingo,Somerville,dsomerville79@sfgate.com
Julieta,Saxelby,jsaxelby7a@blogspot.com
Vinson,Albisser,valbisser7b@artisteer.com
Lizabeth,Matson,lmatson7c@dedecms.com
Ermin,Bowell,ebowell7d@4shared.com
Emanuele,Brazier,ebrazier7e@i2i.jp
Dorita,Henlon,dhenlon7f@unicef.org
Astra,Nesfield,anesfield7g@posterous.com
Marcus,Bartolomeoni,mbartolomeoni7h@tmall.com
Constancia,Roads,croads7i@yellowbook.com
Emmaline,Batchelder,ebatchelder7j@tmall.com
Ginger,McPartlin,gmcpartlin7k@intel.com
Evyn,Fronek,efronek7l@webmd.com
Cello,Marchiso,cmarchiso7m@sakura.ne.jp
Abraham,Gillfillan,agillfillan7n@bigcartel.com
Batholomew,Chidwick,bchidwick7o@engadget.com
Alfreda,Mahaddie,amahaddie7p@npr.org
Sergio,St. Aubyn,sstaubyn7q@sina.com.cn
Mirna,Braunstein,mbraunstein7r@last.fm
Tedi,Hynson,thynson7s@cdc.gov
Shane,Reynold,sreynold7t@zdnet.com
Christoper,Langfat,clangfat7u@wikipedia.org
Rory,Lamb-shine,rlambshine7v@opera.com
Fernando,Clayden,fclayden7w@whitehouse.gov
Gweneth,Ablett,gablett7x@upenn.edu
Cesare,Cainey,ccainey7y@tiny.cc
Ianthe,Salvage,isalvage7z@printfriendly.com
Freddy,Scotchmer,fscotchmer80@theguardian.com
Doyle,Roelofs,droelofs81@skyrock.com
Farlie,Jeannot,fjeannot82@independent.co.uk
Sula,Alenov,salenov83@amazon.com
Corinne,Boner,cboner84@arstechnica.com
Meagan,Gerbel,mgerbel85@miibeian.gov.cn
Noble,Angrove,nangrove86@japanpost.jp
Catherin,Berthelmot,cberthelmot87@nasa.gov
Geri,Flaune,gflaune88@vistaprint.com
Timofei,Heinle,theinle89@artisteer.com
Aurelea,Burkill,aburkill8a@photobucket.com
Zaria,Whittle,zwhittle8b@ed.gov
Tracy,Oliff,toliff8c@slashdot.org
Austina,Aylmore,aaylmore8d@1und1.de
Malissia,Wallicker,mwallicker8e@blogger.com
Karia,Meech,kmeech8f@army.mil
Tadio,Hardaway,thardaway8g@chronoengine.com
Ayn,Abdy,aabdy8h@instagram.com
Pammi,Muskett,pmuskett8i@ebay.co.uk
Bengt,Winsborrow,bwinsborrow8j@wisc.edu
Herby,Reuben,hreuben8k@bbc.co.uk
Francesca,Suermeiers,fsuermeiers8l@cpanel.net
Fremont,Dittson,fdittson8m@msu.edu
Tania,Hulbert,thulbert8n@sciencedaily.com
Ogdan,Scorah,oscorah8o@shinystat.com
Edie,Jackalin,ejackalin8p@omniture.com
Rori,Jannequin,rjannequin8q@narod.ru
Leia,Ryde,lryde8r@adobe.com
Wendie,Winterbotham,wwinterbotham8s@foxnews.com
Moishe,Holstein,mholstein8t@nba.com
Karel,Rachuig,krachuig8u@tiny.cc
Dawn,Radborn,dradborn8v@zdnet.com
Morty,Chominski,mchominski8w@miibeian.gov.cn
Annadiane,Loding,aloding8x@bbb.org
Audrye,Slayton,aslayton8y@fastcompany.com
Erskine,Bankhurst,ebankhurst8z@slideshare.net
Dusty,Hurn,dhurn90@sohu.com
Wiley,Mousley,wmousley91@list-manage.com
Darlene,Allcock,dallcock92@networkadvertising.org
Obidiah,Freiburger,ofreiburger93@si.edu
Huey,Rubberts,hrubberts94@dailymotion.com
Jamey,Bowller,jbowller95@foxnews.com
Noelle,Yglesia,nyglesia96@xrea.com
Calli,Gayden,cgayden97@omniture.com
Drucie,O'Cuddie,docuddie98@mtv.com
Abba,Powderham,apowderham99@booking.com
Philippa,Prozillo,pprozillo9a@apache.org
Boy,Asipenko,basipenko9b@posterous.com
Darleen,Lowrance,dlowrance9c@house.gov
Adolphe,Pitson,apitson9d@mashable.com
Roze,Shinefield,rshinefield9e@epa.gov
Mikkel,Tomashov,mtomashov9f@microsoft.com
Theadora,Sockell,tsockell9g@apache.org
Rosemary,Anniwell,ranniwell9h@google.nl
Arturo,Amiss,aamiss9i@columbia.edu
Melodie,Le Marquis,mlemarquis9j@printfriendly.com
Belita,Cattonnet,bcattonnet9k@domainmarket.com
Xaviera,Rannald,xrannald9l@dell.com
Garwin,Iorizzo,giorizzo9m@whitehouse.gov
Hana,Chirm,hchirm9n@comsenz.com
Pedro,Donner,pdonner9o@nsw.gov.au
Fritz,Dudderidge,fdudderidge9p@over-blog.com
Harmonia,Stairmond,hstairmond9q@t.co
Anny,Ronayne,aronayne9r@unicef.org
Durward,Mullins,dmullins9s@guardian.co.uk
Maribel,Eltringham,meltringham9t@naver.com
Neill,Chattoe,nchattoe9u@amazon.co.uk
Dacie,Armatage,darmatage9v@lycos.com
Jeri,Lewisham,jlewisham9w@cloudflare.com
Wes,MacTrusty,wmactrusty9x@blogs.com
Sapphire,Trobe,strobe9y@furl.net
Meade,Snibson,msnibson9z@facebook.com
Evey,Spatarul,espatarula0@github.com
Jourdain,Cuthill,jcuthilla1@ca.gov
Jesse,Allot,jallota2@squidoo.com
Nedi,Roseborough,nroseborougha3@ocn.ne.jp
Dulce,Pettigrew,dpettigrewa4@archive.org
Barrett,Davis,bdavisa5@csmonitor.com
Cthrine,Liddell,cliddella6@howstuffworks.com
Garald,Boxell,gboxella7@cdbaby.com
Janey,Eagles,jeaglesa8@etsy.com
Silas,Stronack,sstronacka9@clickbank.net
Moshe,Dulany,mdulanyaa@simplemachines.org
Hamid,Yacobsohn,hyacobsohnab@dion.ne.jp
Hodge,Chidwick,hchidwickac@opensource.org
Stephine,Tilio,stilioad@yahoo.co.jp
Sigmund,Gustus,sgustusae@hud.gov
Hastie,Cometti,hcomettiaf@studiopress.com
Glendon,Speed,gspeedag@google.es
Vivienne,Barry,vbarryah@vistaprint.com
Douglas,Hosten,dhostenai@nytimes.com
Anissa,Crehan,acrehanaj@thetimes.co.uk
Ryley,Brymner,rbrymnerak@ifeng.com
Kinnie,Petrov,kpetroval@desdev.cn
Enrico,Wolton,ewoltonam@live.com
Caro,Hardway,chardwayan@csmonitor.com
Lindsey,Gissing,lgissingao@gnu.org
Christos,Bernhart,cbernhartap@army.mil
Sibelle,Devon,sdevonaq@walmart.com
Bellanca,Byford,bbyfordar@alibaba.com
Francene,Margaret,fmargaretas@tinypic.com
Lilli,Bruhnke,lbruhnkeat@cornell.edu
Vittorio,Delyth,vdelythau@addtoany.com
Wilmar,Aberhart,waberhartav@sitemeter.com
Rania,Adger,radgeraw@dion.ne.jp
Caryn,MacKey,cmackeyax@geocities.com
Brittne,McMennum,bmcmennumay@51.la
Angel,Staite,astaiteaz@uol.com.br
Pandora,Eagar,peagarb0@bigcartel.com
Tony,Connerly,tconnerlyb1@dion.ne.jp
Ailis,Hains,ahainsb2@nyu.edu
Joell,Gregan,jgreganb3@patch.com
Saunder,Risely,sriselyb4@moonfruit.com
Carmen,Dirr,cdirrb5@cyberchimps.com
Laurianne,Keeler,lkeelerb6@example.com
Stacey,Mendoza,smendozab7@usatoday.com
Holden,Herculeson,hherculesonb8@bandcamp.com
Richy,Bladon,rbladonb9@themeforest.net
Sergeant,Quinlan,squinlanba@dot.gov
Davon,Tortoishell,dtortoishellbb@alexa.com
Chan,Conant,cconantbc@gravatar.com
Davita,Goulston,dgoulstonbd@ebay.com
Cody,Haith,chaithbe@ebay.co.uk
Lon,Cressar,lcressarbf@liveinternet.ru
Kitti,Sporle,ksporlebg@nytimes.com
Winny,Gowland,wgowlandbh@wix.com
Reynold,Heustace,rheustacebi@go.com
Kesley,Isac,kisacbj@discuz.net
Farlee,Odda,foddabk@java.com
Susanna,Baynham,sbaynhambl@cnbc.com
Tobye,Stonuary,tstonuarybm@livejournal.com
Gabriello,Dedmam,gdedmambn@imgur.com
Kari,Dryden,kdrydenbo@gov.uk
Giordano,Kimbell,gkimbellbp@booking.com
Tripp,Foster-Smith,tfostersmithbq@flickr.com
Maryjo,Granham,mgranhambr@multiply.com
Cale,Sheddan,csheddanbs@smugmug.com
Bruis,Lindup,blindupbt@reddit.com
Suellen,Spatoni,sspatonibu@craigslist.org
Ivy,Epton,ieptonbv@github.io
Carlynn,Olijve,colijvebw@163.com
Ardine,Belleny,abellenybx@topsy.com
Dael,Hearsum,dhearsumby@ycombinator.com
Blakeley,Barthrup,bbarthrupbz@posterous.com
Billy,Hankins,bhankinsc0@europa.eu
Reuben,Lorkin,rlorkinc1@flavors.me
Norah,Marc,nmarcc2@indiatimes.com
Brunhilda,Littleton,blittletonc3@bigcartel.com
Meggie,Karran,mkarranc4@berkeley.edu
Ansley,Matic,amaticc5@hibu.com
Consalve,Toor,ctoorc6@army.mil
Connie,Pibworth,cpibworthc7@cloudflare.com
Lukas,Gallimore,lgallimorec8@ihg.com
Lowell,Gerrie,lgerriec9@hao123.com
Antony,Crush,acrushca@washington.edu
Eydie,Whistlecroft,ewhistlecroftcb@ted.com
Camile,Doxey,cdoxeycc@wordpress.com
Henrie,Panchen,hpanchencd@nasa.gov
Jodie,Readwin,jreadwince@twitpic.com
Irena,Viggers,iviggerscf@nifty.com
Concettina,Hendriks,chendrikscg@xrea.com
Kailey,Dowsey,kdowseych@apache.org
Meredith,Entwhistle,mentwhistleci@storify.com
Nana,Megany,nmeganycj@hhs.gov
Chevy,Leber,cleberck@quantcast.com
Dannie,Greensides,dgreensidescl@paypal.com
Tyrus,Fumagalli,tfumagallicm@skype.com
Fonzie,Tanti,ftanticn@fotki.com
Shurlocke,Bleythin,sbleythinco@altervista.org
Othilia,Morphey,omorpheycp@spiegel.de
Twila,Gorling,tgorlingcq@posterous.com
Fiorenze,Kleisle,fkleislecr@redcross.org
Miran,Chessman,mchessmancs@opensource.org
Marci,Goozee,mgoozeect@gnu.org
Gerda,Phalip,gphalipcu@google.com.au
Bernadina,Pugsley,bpugsleycv@discovery.com
Delia,Bulfoot,dbulfootcw@geocities.com
Rob,Jerger,rjergercx@mediafire.com
Lyell,Jerosch,ljeroschcy@slideshare.net
Jerrie,Boatright,jboatrightcz@smugmug.com
Benny,Kuhnert,bkuhnertd0@usgs.gov
Alfreda,Turrill,aturrilld1@hp.com
Elfrieda,Gallandre,egallandred2@a8.net
Antone,Kenworthy,akenworthyd3@wordpress.org
Myrilla,Mahedy,mmahedyd4@ning.com
Codie,Sharnock,csharnockd5@omniture.com
Beniamino,Scoggans,bscoggansd6@cmu.edu
Ezechiel,Wiltshire,ewiltshired7@blogger.com
Field,Domengue,fdomengued8@blogs.com
Zebedee,Webburn,zwebburnd9@xrea.com
Franklin,Josebury,fjoseburyda@wisc.edu
Nestor,Maben,nmabendb@mit.edu
Jennette,Janota,jjanotadc@chronoengine.com
Ximenez,Brusin,xbrusindd@twitter.com
Korry,Cruce,kcrucede@moonfruit.com
Willabella,Simeon,wsimeondf@google.co.jp
Jennilee,Proven,jprovendg@netscape.com
Joey,Provost,jprovostdh@cafepress.com
Eba,Eles,eelesdi@businesswire.com
Adel,Instock,ainstockdj@samsung.com
Geralda,Pinchbeck,gpinchbeckdk@discovery.com
Willabella,Duligal,wduligaldl@buzzfeed.com
Bobbe,Gregg,bgreggdm@slashdot.org
Fanchon,Brugden,fbrugdendn@over-blog.com
Rodolph,Swin,rswindo@geocities.com
Martynne,Goghin,mgoghindp@usda.gov
Joseph,Smithend,jsmithenddq@wikimedia.org
Cordie,Chainey,cchaineydr@cisco.com
Morgan,Gullefant,mgullefantds@hhs.gov
Derron,Haffenden,dhaffendendt@usgs.gov
Jo,Vautre,jvautredu@arizona.edu
Modesty,Saladine,msaladinedv@reuters.com
Norbie,Holwell,nholwelldw@purevolume.com
Ayn,Yegorev,ayegorevdx@mac.com
Cassey,Clemo,cclemody@yahoo.com
Kameko,Trusty,ktrustydz@tripod.com
Cart,Vogelein,cvogeleine0@pbs.org
Arabelle,Penkethman,apenkethmane1@forbes.com
Davita,Choppin,dchoppine2@networksolutions.com
Julee,Inworth,jinworthe3@reverbnation.com
Chantalle,Lanceley,clanceleye4@networksolutions.com
Cthrine,Beels,cbeelse5@vkontakte.ru
Nathalia,Bravington,nbravingtone6@prlog.org
Murry,Benham,mbenhame7@va.gov
Nathalie,Banyard,nbanyarde8@usnews.com
Melloney,Gornar,mgornare9@usda.gov
Vin,Sackett,vsackettea@jigsy.com
Marylee,Binnall,mbinnalleb@google.com.hk
Billye,Hastin,bhastinec@smugmug.com
Fae,Groombridge,fgroombridgeed@jimdo.com
Mathew,Cornewell,mcornewellee@amazon.co.jp
Dar,Cherry,dcherryef@businesswire.com
Aubine,Kosel,akoseleg@exblog.jp
Flint,Thirlwall,fthirlwalleh@free.fr
Katalin,Mattersey,kmatterseyei@toplist.cz
Ashia,Futcher,afutcherej@aboutads.info
Vince,Halsho,vhalshoek@etsy.com
Garner,Raeburn,graeburnel@exblog.jp
Silvie,Absalom,sabsalomem@imdb.com
Jillane,Godar,jgodaren@squarespace.com
Beatrisa,Bonas,bbonaseo@pinterest.com
Dean,Winckle,dwinckleep@slashdot.org
Babbette,Braywood,bbraywoodeq@wikipedia.org
Melita,Dyerson,mdyersoner@apple.com
Fayette,O'Glassane,foglassanees@illinois.edu
Kristy,Jilliss,kjillisset@disqus.com
Skipton,Malt,smalteu@engadget.com
Sanders,Petry,spetryev@mashable.com
Orlan,Klaff,oklaffew@google.pl
Maisey,Marshalleck,mmarshalleckex@acquirethisname.com
Jinny,Pavyer,jpavyerey@cpanel.net
Sam,Kidner,skidnerez@cargocollective.com
Cecily,Poulton,cpoultonf0@yale.edu
Zane,Morrison,zmorrisonf1@plala.or.jp
Swen,Beddoe,sbeddoef2@cocolog-nifty.com
Ferd,Rannald,frannaldf3@walmart.com
Arvie,Haldane,ahaldanef4@ebay.com
Jozef,Drought,jdroughtf5@jimdo.com
Hildagard,Heims,hheimsf6@umich.edu
Rey,Bristoe,rbristoef7@taobao.com
Pail,McDermott-Row,pmcdermottrowf8@omniture.com
Desiree,Egell,degellf9@vimeo.com
Wilow,Farrer,wfarrerfa@theglobeandmail.com
Phyllida,Tabour,ptabourfb@gov.uk
Andree,Rutland,arutlandfc@yahoo.co.jp
Bone,Mapples,bmapplesfd@hibu.com
Hadley,Bompass,hbompassfe@sciencedaily.com
De,Braden,dbradenff@gmpg.org
Torey,Jerson,tjersonfg@hugedomains.com
Shayla,Kollas,skollasfh@twitter.com
Louisette,Berrington,lberringtonfi@abc.net.au
Dorothea,Ciobotaro,dciobotarofj@buzzfeed.com
Gertrud,Fever,gfeverfk@sogou.com
Inness,Goakes,igoakesfl@blinklist.com
Ignace,Swenson,iswensonfm@pen.io
Oran,Finnan,ofinnanfn@slate.com
Chrisse,Pender,cpenderfo@miitbeian.gov.cn
Rebbecca,Bridgement,rbridgementfp@latimes.com
Thibaud,Worshall,tworshallfq@pcworld.com
Papageno,Grinyakin,pgrinyakinfr@ycombinator.com
Alexina,McPhail,amcphailfs@google.cn
Laryssa,Sooper,lsooperft@hc360.com
Harald,Bownas,hbownasfu@addtoany.com
Erroll,MacDermid,emacdermidfv@uol.com.br
Rosie,Gopsall,rgopsallfw@about.com
Ingar,Billington,ibillingtonfx@shop-pro.jp
Milzie,Eblein,mebleinfy@plala.or.jp
Marietta,Jacquemot,mjacquemotfz@indiegogo.com
Larisa,Staples,lstaplesg0@booking.com
Fidelia,Davidy,fdavidyg1@webs.com
Ian,Kornacki,ikornackig2@ucsd.edu
Jeno,Cheel,jcheelg3@nsw.gov.au
Lanna,Labrum,llabrumg4@creativecommons.org
Jerrilyn,Jerrans,jjerransg5@behance.net
Bern,Grute,bgruteg6@shop-pro.jp
Ewart,Horribine,ehorribineg7@mozilla.com
Ali,Beste,abesteg8@cbslocal.com
Heda,Allsobrook,hallsobrookg9@house.gov
Alano,Baylay,abaylayga@friendfeed.com
Denver,Ellsom,dellsomgb@shareasale.com
Simone,Darrington,sdarringtongc@netvibes.com
Querida,Russan,qrussangd@exblog.jp
Prudi,Hanway,phanwayge@imgur.com
Carmelia,Kik,ckikgf@time.com
Godwin,Rochford,grochfordgg@cam.ac.uk
Dione,Piscopiello,dpiscopiellogh@abc.net.au
Shani,Alforde,salfordegi@w3.org
Sheila-kathryn,Hawket,shawketgj@mysql.com
Stern,Coveley,scoveleygk@e-recht24.de
Field,Apted,faptedgl@list-manage.com
Daria,Kryszkiecicz,dkryszkieciczgm@360.cn
Nicole,Halliberton,nhallibertongn@cnet.com
Callida,Veazey,cveazeygo@jiathis.com
Garnette,Allaker,gallakergp@qq.com
Kassi,Giraldez,kgiraldezgq@edublogs.org
Lizzy,Hartill,lhartillgr@wikimedia.org
Meryl,Sisson,msissongs@about.me
Anthe,Dresser,adressergt@geocities.com
Edie,Cathie,ecathiegu@studiopress.com
Taffy,Couser,tcousergv@angelfire.com
Glyn,Snel,gsnelgw@upenn.edu
Susann,Lardeux,slardeuxgx@noaa.gov
Noami,MacCleod,nmaccleodgy@hud.gov
Agustin,Bicksteth,abickstethgz@virginia.edu
Stearne,Tubble,stubbleh0@alexa.com
Candie,Grishakov,cgrishakovh1@acquirethisname.com
Della,Capitano,dcapitanoh2@wikia.com
Iggy,Desvignes,idesvignesh3@issuu.com
Kelbee,Ianni,kiannih4@pagesperso-orange.fr
Katey,Zorzutti,kzorzuttih5@photobucket.com
Gerald,Ilyushkin,gilyushkinh6@amazonaws.com
Quentin,Osbaldeston,qosbaldestonh7@merriam-webster.com
Reg,Edmead,redmeadh8@miitbeian.gov.cn
Lexie,Ayton,laytonh9@myspace.com
Nissy,Barnardo,nbarnardoha@topsy.com
Julius,Gerardot,jgerardothb@github.io
Juieta,Seifenmacher,jseifenmacherhc@alexa.com
Margarette,Burditt,mburditthd@creativecommons.org
Leone,Abrahamsen,labrahamsenhe@reddit.com
Trudie,Le Conte,tlecontehf@mit.edu
Lorrayne,Glendenning,lglendenninghg@freewebs.com
Morry,Fitzmaurice,mfitzmauricehh@tinyurl.com
Marisa,Goold,mgooldhi@cdbaby.com
Alberik,Guite,aguitehj@zimbio.com
Ranice,Bullas,rbullashk@delicious.com
Gladi,Lynn,glynnhl@w3.org
Brandice,Deshon,bdeshonhm@barnesandnoble.com
Jerrold,Tickner,jticknerhn@netvibes.com
Burk,Boullin,bboullinho@theatlantic.com
Kalie,Philott,kphilotthp@ameblo.jp
Noak,Prayer,nprayerhq@quantcast.com
Lek,Louw,llouwhr@ustream.tv
Stafford,Curragh,scurraghhs@icq.com
Hymie,Larkkem,hlarkkemht@cdbaby.com
Claybourne,Dukesbury,cdukesburyhu@businesswire.com
Ceciley,Grubbe,cgrubbehv@slideshare.net
Georges,Enrigo,genrigohw@umn.edu
Beth,Stothart,bstotharthx@cornell.edu
Arney,Cannicott,acannicotthy@blogtalkradio.com
Padraic,Spridgen,pspridgenhz@economist.com
Art,MacHostie,amachostiei0@google.ru
Kassi,Colborn,kcolborni1@sohu.com
Welbie,McWhinnie,wmcwhinniei2@flavors.me
Kordula,Prebble,kprebblei3@usgs.gov
Kiri,Cocking,kcockingi4@google.cn
Inesita,Manon,imanoni5@cnet.com
Christina,Vobes,cvobesi6@booking.com
Dalenna,Grancher,dgrancheri7@dagondesign.com
Durand,Crock,dcrocki8@google.com.br
Tonie,Rhys,trhysi9@phpbb.com
Dalia,Spofford,dspoffordia@cdbaby.com
Guthrie,Tippings,gtippingsib@dropbox.com
Wheeler,Murra,wmurraic@comsenz.com
Rowney,Kinningley,rkinningleyid@zdnet.com
Anthiathia,Castelyn,acastelynie@delicious.com
L;urette,Leinweber,lleinweberif@mashable.com
Etta,Caslett,ecaslettig@examiner.com
Graeme,Reck,greckih@time.com
Madelaine,Sutherby,msutherbyii@springer.com
Alistair,Gormally,agormallyij@wikimedia.org
Shoshana,Cullington,scullingtonik@edublogs.org
Maxie,Silvers,msilversil@privacy.gov.au
Dode,Inch,dinchim@uiuc.edu
Leticia,Strafford,lstraffordin@last.fm
Joice,Hickisson,jhickissonio@tinypic.com
Denver,Dahler,ddahlerip@upenn.edu
Helga,Abbitt,habbittiq@surveymonkey.com
Laurice,Prangle,lprangleir@washington.edu
Arney,Cramb,acrambis@latimes.com
Leanor,Cinelli,lcinelliit@webs.com
Charo,Epperson,ceppersoniu@youtu.be
Cedric,Geddes,cgeddesiv@thetimes.co.uk
Penrod,Gabrieli,pgabrieliiw@lulu.com
Fredra,Despenser,fdespenserix@sciencedirect.com
Arther,Malbon,amalboniy@vimeo.com
Staford,Pol,spoliz@hugedomains.com
Spence,Ramlot,sramlotj0@wikimedia.org
Conrad,Di Giorgio,cdigiorgioj1@webnode.com
Melisenda,Hearon,mhearonj2@ebay.co.uk
Ivar,Kings,ikingsj3@homestead.com
Aldis,Hyndman,ahyndmanj4@istockphoto.com
Emmy,Marquand,emarquandj5@google.fr
Annabella,Meaddowcroft,ameaddowcroftj6@mediafire.com
Elvyn,Bruckmann,ebruckmannj7@timesonline.co.uk
Joellen,Blind,jblindj8@theglobeandmail.com
Patty,Owbrick,powbrickj9@mlb.com
Tessa,Bergeau,tbergeauja@cloudflare.com
Arie,Sunnex,asunnexjb@noaa.gov
Lucy,Tibald,ltibaldjc@ovh.net
Elaine,Constantine,econstantinejd@eventbrite.com
Juli,Broadbear,jbroadbearje@1688.com
Huberto,Filgate,hfilgatejf@meetup.com
Audry,Luchetti,aluchettijg@dion.ne.jp
Bryana,Cuphus,bcuphusjh@blinklist.com
Lydie,Pressland,lpresslandji@prweb.com
Wilie,Starmore,wstarmorejj@yellowpages.com
Crista,Eivers,ceiversjk@wp.com
Denni,Edmundson,dedmundsonjl@state.tx.us
Siobhan,Perazzo,sperazzojm@xing.com
Donica,Bolsteridge,dbolsteridgejn@ycombinator.com
Nevin,Haining,nhainingjo@shareasale.com
Humbert,Jossel,hjosseljp@etsy.com
Susannah,O' Mara,somarajq@wp.com
Riobard,Brea,rbreajr@gizmodo.com
Brittne,Luc,blucjs@google.it
Wainwright,Gerritsma,wgerritsmajt@netlog.com
Mary,Jacson,mjacsonju@taobao.com
Ailis,Patinkin,apatinkinjv@zimbio.com
Dwayne,Alders,daldersjw@yellowbook.com
Jena,Dodgson,jdodgsonjx@unesco.org
Ianthe,Brenstuhl,ibrenstuhljy@sohu.com
Candi,Kedwell,ckedwelljz@hostgator.com
Verge,Copley,vcopleyk0@jalbum.net
Filip,Goodacre,fgoodacrek1@g.co
Fallon,Deetlefs,fdeetlefsk2@shop-pro.jp
Lea,Vella,lvellak3@tuttocitta.it
Abelard,MacKain,amackaink4@google.ru
Tan,Santino,tsantinok5@chron.com
Johannes,Jilkes,jjilkesk6@nymag.com
Meagan,Breslauer,mbreslauerk7@vimeo.com
Wini,Sedge,wsedgek8@chicagotribune.com
Regine,Dilkes,rdilkesk9@ow.ly
Claudell,Helis,cheliska@yandex.ru
Yankee,Carson,ycarsonkb@slashdot.org
Jimmy,Ducker,jduckerkc@google.ru
Kristel,Nordass,knordasskd@google.ru
Lucien,Rolinson,lrolinsonke@stumbleupon.com
Winslow,Caudrelier,wcaudrelierkf@washingtonpost.com
Roxine,Hodgen,rhodgenkg@go.com
Esme,Safont,esafontkh@unesco.org
Nellie,Verrell,nverrellki@yellowbook.com
Doyle,Heam,dheamkj@1und1.de
Spence,Dunican,sdunicankk@alibaba.com
Dwayne,Fearick,dfearickkl@adobe.com
Egan,Kopje,ekopjekm@google.ca
Archibold,Duhig,aduhigkn@stanford.edu
Hugibert,Bedminster,hbedminsterko@marketwatch.com
Veronika,Packington,vpackingtonkp@merriam-webster.com
Myrtle,MacMillan,mmacmillankq@sohu.com
Teodoor,Lowndsborough,tlowndsboroughkr@etsy.com
Gwenny,Wife,gwifeks@yale.edu
Christophe,Farris,cfarriskt@qq.com
Aharon,Woolbrook,awoolbrookku@statcounter.com
Schuyler,Higgoe,shiggoekv@merriam-webster.com
Elvina,Pattinson,epattinsonkw@rakuten.co.jp
Allsun,Rockhall,arockhallkx@storify.com
Chrisse,Scoyne,cscoyneky@pen.io
Stefa,Heliet,shelietkz@homestead.com
Errick,Caldero,ecalderol0@dagondesign.com
Aguistin,Eagle,aeaglel1@eventbrite.com
Anya,Aire,aairel2@walmart.com
Kaspar,Gouldthorp,kgouldthorpl3@wikipedia.org
Giralda,Hairon,ghaironl4@gmpg.org
Gottfried,Potte,gpottel5@elegantthemes.com
Tammi,Grzes,tgrzesl6@vk.com
Izabel,Mousley,imousleyl7@nasa.gov
Orland,Legister,olegisterl8@weather.com
Dede,Walder,dwalderl9@sciencedaily.com
Carolan,Pymar,cpymarla@mediafire.com
Saundra,Suttle,ssuttlelb@sitemeter.com
Bronnie,Domenget,bdomengetlc@wisc.edu
Panchito,Fleury,pfleuryld@multiply.com
Duane,Dunlea,ddunleale@dell.com
Phil,Hince,phincelf@phoca.cz
Karlotta,Eykelbosch,keykelboschlg@yellowbook.com
Broddy,Nix,bnixlh@ocn.ne.jp
Sallyann,Colkett,scolkettli@addthis.com
Isadore,Dickerson,idickersonlj@example.com
Kain,Gilders,kgilderslk@woothemes.com
Julee,Caseley,jcaseleyll@jimdo.com
Nealson,Runcieman,nrunciemanlm@adobe.com
Corinna,Tunno,ctunnoln@google.com.au
Cherlyn,Karpf,ckarpflo@icq.com
Giavani,Pavese,gpaveselp@marketwatch.com
Dulcea,Barok,dbaroklq@house.gov
Ulrich,Helks,uhelkslr@symantec.com
Buckie,Coppens,bcoppensls@cdbaby.com
Nike,Witherden,nwitherdenlt@craigslist.org
Sophey,Corneil,scorneillu@soup.io
Kinny,Jessel,kjessellv@nsw.gov.au
Allina,Morse,amorselw@kickstarter.com
Hyatt,Drivers,hdriverslx@fda.gov
Guglielma,Ascroft,gascroftly@ucoz.com
Pavlov,Makepeace,pmakepeacelz@photobucket.com
Louisette,Handlin,lhandlinm0@psu.edu
Aime,Bane,abanem1@seesaa.net
Felita,Warby,fwarbym2@timesonline.co.uk
Amye,Templman,atemplmanm3@eepurl.com
Herman,Gigg,hgiggm4@artisteer.com
Missy,Gillmor,mgillmorm5@macromedia.com
Dorette,Fumagalli,dfumagallim6@fema.gov
Galvin,Duplain,gduplainm7@latimes.com
Dorey,Cleynman,dcleynmanm8@blogspot.com
Sarge,Marqyes,smarqyesm9@wikimedia.org
Aristotle,Boissier,aboissierma@ftc.gov
Janessa,McKnish,jmcknishmb@xinhuanet.com
Franchot,Roofe,froofemc@about.me
Olenolin,Chrystie,ochrystiemd@bbc.co.uk
Joella,Eul,jeulme@theguardian.com
Alexei,McAtamney,amcatamneymf@theguardian.com
Vladamir,Olford,volfordmg@netscape.com
Eustacia,Daintith,edaintithmh@cdbaby.com
Valentine,Dewsnap,vdewsnapmi@ibm.com
Cherey,Barta,cbartamj@gizmodo.com
Fabe,Ewells,fewellsmk@twitter.com
Kendra,Godard,kgodardml@paginegialle.it
Vonny,McElree,vmcelreemm@utexas.edu
Emmi,Ungaretti,eungarettimn@posterous.com
Kathrine,Karadzas,kkaradzasmo@hud.gov
Elissa,Marriott,emarriottmp@ow.ly
Clifford,Swait,cswaitmq@sohu.com
Karisa,Hugo,khugomr@answers.com
Iolande,Mouser,imouserms@i2i.jp
Dorella,Cantrell,dcantrellmt@yelp.com
Harp,Kimbley,hkimbleymu@github.com
Filberto,Hartley,fhartleymv@wisc.edu
Fran,Colls,fcollsmw@japanpost.jp
Rea,Cheake,rcheakemx@dailymail.co.uk
Loretta,Boddis,lboddismy@nifty.com
Brewer,Menilove,bmenilovemz@utexas.edu
Devin,Cuncarr,dcuncarrn0@blinklist.com
Kassandra,Center,kcentern1@g.co
Lem,Lucius,lluciusn2@google.com.hk
Deb,Spaldin,dspaldinn3@adobe.com
Charline,Trewhella,ctrewhellan4@issuu.com
Connie,Wadhams,cwadhamsn5@i2i.jp
Dot,Preene,dpreenen6@google.fr
Ingunna,Lambot,ilambotn7@smugmug.com
Pren,Pegg,ppeggn8@npr.org
Gaynor,Frankiss,gfrankissn9@patch.com
Tressa,Luxford,tluxfordna@state.gov
Arlan,Awdry,aawdrynb@usatoday.com
Laurianne,Pauley,lpauleync@addtoany.com
Ring,MacKeeg,rmackeegnd@java.com
Georgia,McGorley,gmcgorleyne@wufoo.com
Ammamaria,Brame,abramenf@sbwire.com
Reuven,Lafond,rlafondng@columbia.edu
Arlyne,Spurrier,aspurriernh@ezinearticles.com
Hercules,Wilding,hwildingni@360.cn
Giacinta,Bertholin,gbertholinnj@hc360.com
Bail,Bellefonte,bbellefontenk@netscape.com
Chandal,Mingaye,cmingayenl@prnewswire.com
Roosevelt,Hollow,rhollownm@theglobeandmail.com
Elvina,Reavell,ereavellnn@wunderground.com
Hatty,Medling,hmedlingno@washingtonpost.com
Bethena,Meakes,bmeakesnp@plala.or.jp
Wilmette,Vondra,wvondranq@wisc.edu
Kelsi,Mattheeuw,kmattheeuwnr@disqus.com
Peadar,Peare,ppearens@dagondesign.com
Jeanelle,Ridsdale,jridsdalent@army.mil
Sheilakathryn,Stonehouse,sstonehousenu@cdbaby.com
Thaddeus,Bloxsom,tbloxsomnv@slideshare.net
Fabio,Kenyon,fkenyonnw@noaa.gov
Chantal,Boustred,cboustrednx@51.la
Jude,Schulze,jschulzeny@nps.gov
Norma,Whelpdale,nwhelpdalenz@oaic.gov.au
Jaime,Di Giorgio,jdigiorgioo0@europa.eu
Rani,Battleson,rbattlesono1@netscape.com
Issiah,Bartlosz,ibartloszo2@blogs.com
Brocky,McGuigan,bmcguigano3@w3.org
Val,Duffie,vduffieo4@naver.com
Chick,Catt,ccatto5@squidoo.com
Claiborne,Pettko,cpettkoo6@ning.com
Ethyl,Cardall,ecardallo7@bandcamp.com
Kristy,Hasard,khasardo8@ezinearticles.com
Rafaellle,Lent,rlento9@sphinn.com
Eda,Caselick,ecaselickoa@paypal.com
Grenville,Maccrae,gmaccraeob@china.com.cn
Toby,Bowerbank,tbowerbankoc@hc360.com
Bette-ann,Paradyce,bparadyceod@goodreads.com
Hamlen,McNickle,hmcnickleoe@europa.eu
Brock,Boath,bboathof@macromedia.com
Poul,Scimonelli,pscimonelliog@imgur.com
Codi,MacRannell,cmacrannelloh@google.pl
Kiley,Badger,kbadgeroi@nba.com
Charis,Fassman,cfassmanoj@parallels.com
Nikolas,Burgyn,nburgynok@businessweek.com
Keary,Found,kfoundol@de.vu
Loraine,Renshall,lrenshallom@businesswire.com
Mandy,Bedham,mbedhamon@mysql.com
Violetta,Jedras,vjedrasoo@clickbank.net
Colene,Sprules,csprulesop@twitter.com
Mendie,Andrichak,mandrichakoq@posterous.com
Bevvy,De Hoogh,bdehooghor@multiply.com
Farrel,Aspel,faspelos@delicious.com
Lucio,Gilhool,lgilhoolot@tmall.com
Marcia,Shipp,mshippou@netvibes.com
Gannie,Laye,glayeov@fda.gov
Yalonda,Morant,ymorantow@skyrock.com
Hillier,Tourmell,htourmellox@stumbleupon.com
Zonda,Nisby,znisbyoy@slashdot.org
Aleksandr,Cahn,acahnoz@constantcontact.com
Jeremiah,Schwander,jschwanderp0@flickr.com
Maisey,Perri,mperrip1@bbc.co.uk
Niki,Duiged,nduigedp2@slashdot.org
Raymond,Clere,rclerep3@odnoklassniki.ru
Blondelle,Sherrell,bsherrellp4@freewebs.com
Rosanne,Riseam,rriseamp5@xinhuanet.com
Osbourn,Albrook,oalbrookp6@timesonline.co.uk
Celestia,Adderson,caddersonp7@seattletimes.com
Bondie,Camlin,bcamlinp8@globo.com
Hobie,Devita,hdevitap9@sourceforge.net
Garth,Anfosso,ganfossopa@vkontakte.ru
Leoine,Bortolutti,lbortoluttipb@digg.com
Creigh,Wigzell,cwigzellpc@yahoo.co.jp
Ronda,Skase,rskasepd@zimbio.com
Cosetta,Auguste,caugustepe@loc.gov
Kari,Cabane,kcabanepf@addthis.com
Vergil,Axelbee,vaxelbeepg@usa.gov
Thornton,Pantone,tpantoneph@cafepress.com
Joyann,Harridge,jharridgepi@army.mil
Shane,Gaudon,sgaudonpj@woothemes.com
Patty,Von Salzberg,pvonsalzbergpk@nymag.com
Tore,Nelsen,tnelsenpl@google.com.br
Nananne,Montgomery,nmontgomerypm@google.ru
Carmelle,Weatherhogg,cweatherhoggpn@miitbeian.gov.cn
Bunny,Starie,bstariepo@arstechnica.com
Lacie,Lennarde,llennardepp@blinklist.com
Pauletta,Elsworth,pelsworthpq@nhs.uk
Bobbye,Manzell,bmanzellpr@artisteer.com
Carlin,Le Port,cleportps@vkontakte.ru
Annmaria,Kurth,akurthpt@psu.edu
Elizabeth,Lamshead,elamsheadpu@newyorker.com
Lula,Lenthall,llenthallpv@imageshack.us
Merrick,Longforth,mlongforthpw@blogspot.com
Doralynne,Ronchka,dronchkapx@fastcompany.com
Binky,Mathias,bmathiaspy@pagesperso-orange.fr
Rodi,Lepoidevin,rlepoidevinpz@un.org
Cash,Dunston,cdunstonq0@domainmarket.com
Nickolaus,Keyser,nkeyserq1@accuweather.com
Andriette,Toderbrugge,atoderbruggeq2@biglobe.ne.jp
Cherish,Melendez,cmelendezq3@nhs.uk
Ker,Cuniffe,kcuniffeq4@smh.com.au
Marty,Monkeman,mmonkemanq5@sohu.com
Joete,Fennelow,jfennelowq6@walmart.com
Anne-corinne,Paulton,apaultonq7@cdbaby.com
Marcel,Stooke,mstookeq8@dedecms.com
Matty,Pegg,mpeggq9@blogtalkradio.com
Amitie,Infante,ainfanteqa@vinaora.com
Ruperto,Bowick,rbowickqb@admin.ch
Astrix,Peter,apeterqc@cbc.ca
Tedda,Eslemont,teslemontqd@bloglines.com
Del,Vere,dvereqe@washingtonpost.com
Ignace,Dies,idiesqf@linkedin.com
Kevina,Kinforth,kkinforthqg@discuz.net
Clayson,Mussotti,cmussottiqh@rakuten.co.jp
Alice,Jarmaine,ajarmaineqi@jiathis.com
Hashim,Klais,hklaisqj@cbslocal.com
Hyacinthie,Widocks,hwidocksqk@google.cn
Merwin,Muzzollo,mmuzzolloql@cnet.com
Jade,Moncreiffe,jmoncreiffeqm@goo.ne.jp
Gaby,Rooke,grookeqn@earthlink.net
Danie,Cromar,dcromarqo@bigcartel.com
Tiffie,Patemore,tpatemoreqp@msu.edu
Faustina,Nobriga,fnobrigaqq@java.com
Talia,O'Griffin,togriffinqr@irs.gov
Theodora,Lecordier,tlecordierqs@usda.gov
Anabella,Fisbburne,afisbburneqt@google.com.au
Jordan,Ilbert,jilbertqu@imdb.com
Jaye,Hentze,jhentzeqv@japanpost.jp
Clayborn,Coslitt,ccoslittqw@dailymail.co.uk
Marney,Richmont,mrichmontqx@tuttocitta.it
Blithe,MacCheyne,bmaccheyneqy@google.com
Zonnya,Brusby,zbrusbyqz@t-online.de
Dee dee,Stang-Gjertsen,dstanggjertsenr0@uiuc.edu
Mendie,Soro,msoror1@toplist.cz
Dorette,Weippert,dweippertr2@samsung.com
Jessamyn,Fear,jfearr3@aol.com
Margaretha,Fouch,mfouchr4@blogs.com
Paule,Cossentine,pcossentiner5@xing.com
Corrie,Sebborn,csebbornr6@weather.com
Gallagher,Charnock,gcharnockr7@europa.eu
Claiborn,Parker,cparkerr8@shutterfly.com
Sada,Dumblton,sdumbltonr9@flavors.me
Bruno,Pagitt,bpagittra@omniture.com
Murry,Tease,mteaserb@cisco.com
Cathrin,Sudron,csudronrc@sbwire.com
Swen,Fawdrie,sfawdrierd@bravesites.com
Myrtia,Sidery,msideryre@prweb.com
Granville,Cutchey,gcutcheyrf@netscape.com
Kirstyn,Jirus,kjirusrg@creativecommons.org
Amie,Ruggier,aruggierrh@yellowpages.com
Cristiano,Plaschke,cplaschkeri@360.cn
Maryjo,Minor,mminorrj@merriam-webster.com
Gwenneth,Colqueran,gcolqueranrk@vimeo.com
Des,Forgie,dforgierl@seattletimes.com
Goran,Latty,glattyrm@epa.gov
Pam,McKeighen,pmckeighenrn@elpais.com
Geri,Oppery,gopperyro@dyndns.org
Riannon,Lambertz,rlambertzrp@google.co.jp
Garrett,Piggins,gpigginsrq@cdc.gov
Matteo,Huard,mhuardrr@skype.com